乐器/配件,其他西洋乐器,品牌热门排行,81,IM,,171.6,0.0253681,6,0,2%,0
乐器/配件,其他西洋乐器,品牌热门排行,82,奥教乐园,,156.8,0.0226308,23,0,8%,0
乐器/配件,其他西洋乐器,品牌热门排行,83,Haojita,,138.1,0.0193871,7,0,2.3%,0
乐器/配件,其他西洋乐器,品牌热门排行,84,Fleet Your Best Choice,,134.9,0.018859,214,0,100%,1
乐器/配件,其他西洋乐器,品牌热门排行,85,飞煌(乐器),,118.1,0.0161649,8,0,2.6%,0
乐器/配件,其他西洋乐器,品牌热门排行,86,Butterfly/蝴蝶,,117.8,0.016111,216,0,100%,1
乐器/配件,其他西洋乐器,品牌热门排行,87,TOM,,111.1,0.0150872,9,0,2.9%,0
乐器/配件,其他西洋乐器,品牌热门排行,88,自主品牌,,82.3,0.0109813,48,0,17.8%,0
乐器/配件,其他西洋乐器,品牌热门排行,89,guitarist,,80.3,0.0107227,10,0,3.2%,0
乐器/配件,其他西洋乐器,品牌热门排行,90,华韵,,76.7,0.0102378,10,0,3.2%,0
乐器/配件,其他西洋乐器,品牌热门排行,91,Rock you,,58.5,0.00794235,10,0,3.2%,0
乐器/配件,其他西洋乐器,品牌热门排行,92,NICK,,49.8,0.00689702,10,0,3.2%,0
乐器/配件,其他西洋乐器,品牌热门排行,93,奥尔夫乐器,,38.9,0.00564155,10,0,3.2%,0
乐器/配件,其他西洋乐器,品牌热门排行,94,梵巢,,36.7,0.0053883,10,0,3.2%,0
乐器/配件,其他西洋乐器,品牌热门排行,95,卡祖笛,,0,0.000537237,10,0,3.2%,0
